Series Name,Series Code,Country Name,Country Code,1990 [YR1990],2000 [YR2000],2008 [YR2008],2009 [YR2009],2010 [YR2010],2011 [YR2011],2012 [YR2012],2013 [YR2013],2014 [YR2014],2015 [YR2015],2016 [YR2016],2017 [YR2017]
CO2 emissions (metric tons per capita),EN.ATM.CO2E.PC,Afghanistan,AFG,0.213449805430825,0.0385063399794444,0.154101422395248,0.241722682109421,0.293836993688923,0.412016938260872,0.350370580694022,0.315601773217989,0.299444990875517,..,..,..
CO2 emissions (metric tons per capita),EN.ATM.CO2E.PC,Albania,ALB,1.67810665434977,0.978174680894664,1.48431113888781,1.49560019934969,1.57857358391855,1.80371472482914,1.692908325435,1.74921107861166,1.97876331208568,..,..,..
CO2 emissions (metric tons per capita),EN.ATM.CO2E.PC,Algeria,DZA,2.97040907146769,2.81754354684473,3.16138145760923,3.42301143412689,3.29970368770249,3.29137617567272,3.4602658100588,3.507310028999,3.71740990081817,..,..,..
CO2 emissions (metric tons per capita),EN.ATM.CO2E.PC,American Samoa,ASM,..,..,..,..,..,..,..,..,..,..,..,..
CO2 emissions (metric tons per capita),EN.ATM.CO2E.PC,Andorra,AND,7.46733566933901,8.01928429423459,6.42788662191006,6.12165234069759,6.12259470212791,5.86712994471708,5.91659691135616,5.90075258701787,5.83216995064565,..,..,..
CO2 emissions (metric tons per capita),EN.ATM.CO2E.PC,Angola,AGO,0.420284253935093,0.580352661444089,1.18152675944487,1.23249451530002,1.24340558491456,1.2527892548547,1.33084301775372,1.25461721786853,1.29132831504477,..,..,..
CO2 emissions (metric tons per capita),EN.ATM.CO2E.PC,Antigua and Barbuda,ATG,4.23352225020991,4.1239710949464,5.1945003135881,5.44675735459121,5.53956750932274,5.36340747396024,5.41844653171725,5.36045346745175,5.37764854614412,..,..,..
CO2 emissions (metric tons per capita),EN.ATM.CO2E.PC,Argentina,ARG,3.42648198325077,3.83557366545331,4.68291239530182,4.41088989357125,4.55849961171786,4.60029069868628,4.56938367601348,4.46290375453177,4.74679745467325,..,..,..
CO2 emissions (metric tons per capita),EN.ATM.CO2E.PC,Armenia,ARM,..,1.12891860406022,1.91153764158145,1.5094118779305,1.46562189488728,1.71007076482979,1.97606007379797,1.89971173409172,1.9027589101995,..,..,..
CO2 emissions (metric tons per capita),EN.ATM.CO2E.PC,Aruba,ABW,26.3745032100275,26.1948752380219,26.2308466448946,25.9158329472761,24.6705288731078,24.5058352032767,13.1555416906324,8.35129425218293,8.408362637892,..,..,..
CO2 emissions (metric tons per capita),EN.ATM.CO2E.PC,Australia,AUS,15.4528816707784,17.2006098261369,18.1608756564953,18.2001819589981,17.7408450531619,17.5388777559057,17.0661408224039,16.0834743914268,15.3701377604233,..,..,..
CO2 emissions (metric tons per capita),EN.ATM.CO2E.PC,Austria,AUT,7.51324615615048,7.77425973898237,8.29509597793474,7.51875110192905,8.07113180231399,7.74813430456944,7.38707716295308,7.36874814486104,6.86986792967669,..,..,..
CO2 emissions (metric tons per capita),EN.ATM.CO2E.PC,Azerbaijan,AZE,..,3.66627102850185,4.05138348129721,3.56566821757272,3.38822587905988,3.64617987716669,3.82487717012357,3.78506883600917,3.93156060898919,..,..,..
CO2 emissions (metric tons per capita),EN.ATM.CO2E.PC,"Bahamas, The",BHS,7.61049559952562,5.60101044009534,4.29090617077172,4.62952859751561,4.5833434950337,5.0918328932149,5.29293703079516,7.42654013360195,6.3232575117291,..,..,..
CO2 emissions (metric tons per capita),EN.ATM.CO2E.PC,Bahrain,BHR,25.0588549616781,28.0509107542122,26.7082119882647,23.8117084054483,23.5854808995682,22.4133347519184,20.5148509825668,23.8043569652375,23.4497548258489,..,..,..
CO2 emissions (metric tons per capita),EN.ATM.CO2E.PC,Bangladesh,BGD,0.146281294377981,0.211802224728946,0.332727819357918,0.357158767009139,0.393936699015154,0.41201118567064,0.433487963070874,0.442400827683764,0.459141964802809,..,..,..
CO2 emissions (metric tons per capita),EN.ATM.CO2E.PC,Barbados,BRB,4.12649112430581,4.4028949738185,5.84458331380107,5.80725751427443,5.28599737453008,5.44951372233171,5.22210700143829,5.12714639179637,4.49017767348307,..,..,..
CO2 emissions (metric tons per capita),EN.ATM.CO2E.PC,Belarus,BLR,..,5.38974529064763,6.62316355451861,6.43968426694044,6.64269666046859,6.76251734899356,6.67999158961994,6.73665225121031,6.70195770525782,..,..,..
CO2 emissions (metric tons per capita),EN.ATM.CO2E.PC,Belgium,BEL,10.6396716729644,11.2296676990611,9.75198480892529,9.24961568538969,10.1714652153634,9.04656054666003,8.54647821408693,8.67135248658724,8.32815989783976,..,..,..
CO2 emissions (metric tons per capita),EN.ATM.CO2E.PC,Belize,BLZ,1.66191242961952,1.60134241756464,1.42528701843777,1.86895763054703,1.67610569388821,1.82686092007096,1.41582591082296,1.49159889709194,1.407601494481,..,..,..
CO2 emissions (metric tons per capita),EN.ATM.CO2E.PC,Benin,BEN,0.14215759136896,0.232860968567938,0.507237393117284,0.5210631853076,0.553283259010318,0.559693353692425,0.562347006319148,0.580960914297046,0.61421385181193,..,..,..
CO2 emissions (metric tons per capita),EN.ATM.CO2E.PC,Bermuda,BMU,8.46810841789435,8.36199116976372,9.94375928791384,7.262934974709,9.34712241262822,6.87235920946658,7.35686286613784,7.05181458746789,8.83831498794885,..,..,..
CO2 emissions (metric tons per capita),EN.ATM.CO2E.PC,Bhutan,BTN,0.238879169148303,0.690660881454302,0.601619231043584,0.544051574760168,0.670263220461739,0.990398509135596,1.0860250183607,1.20322081779333,1.28932137116716,..,..,..
CO2 emissions (metric tons per capita),EN.ATM.CO2E.PC,Bolivia,BOL,0.839700279044911,1.32705678701584,1.37896561979322,1.43354506131319,1.53287064380966,1.60202932168512,1.83546905538859,1.81899738314335,1.93241949870287,..,..,..
CO2 emissions (metric tons per capita),EN.ATM.CO2E.PC,Bosnia and Herzegovina,BIH,..,3.66047151012051,5.35493605987248,5.52610300486233,5.71613483199197,6.47538958460123,6.10128008332876,6.08081333725751,6.23471916168303,..,..,..
CO2 emissions (metric tons per capita),EN.ATM.CO2E.PC,Botswana,BWA,1.9613581999431,2.18746137912679,2.31548317852227,1.90028597663901,2.32592440390577,2.03609106052193,2.02540928486131,2.45671825368674,3.24328763661634,..,..,..
CO2 emissions (metric tons per capita),EN.ATM.CO2E.PC,Brazil,BRA,1.39862060903109,1.87111831255912,2.00867025815536,1.88381178441449,2.13293757108779,2.21158723527567,2.3435701150308,2.48841718370983,2.59438828549778,..,..,..
CO2 emissions (metric tons per capita),EN.ATM.CO2E.PC,British Virgin Islands,VGB,4.0098414434117,4.97340760474691,6.30167161381034,6.23946005217983,6.33077431677931,6.30859108992509,6.17405029990529,6.05781938325991,6.07283358118156,..,..,..
CO2 emissions (metric tons per capita),EN.ATM.CO2E.PC,Brunei Darussalam,BRN,23.9332380161138,14.1402018359085,24.0468843934903,20.4862470425148,21.1059455259326,24.6071779357534,24.1807638812452,19.2335919707382,22.1247012416688,..,..,..
CO2 emissions (metric tons per capita),EN.ATM.CO2E.PC,Bulgaria,BGR,8.5430107903053,5.32803434248386,6.77208754122923,5.73119372396296,5.9649002061902,6.71538056004032,6.11945652602394,5.4506959628306,5.87161586934993,..,..,..
CO2 emissions (metric tons per capita),EN.ATM.CO2E.PC,Burkina Faso,BFA,0.066173050745236,0.0897168507561461,0.130556621682392,0.127633337580053,0.125717252121518,0.137496219353131,0.158663009401362,0.179132409048047,0.162018806234081,..,..,..
CO2 emissions (metric tons per capita),EN.ATM.CO2E.PC,Burundi,BDI,0.0385970419626197,0.0423950108003711,0.0232194191516493,0.0224623988297369,0.0242600317328871,0.0267619600712467,0.030296972759882,0.0301757695111324,0.0444853762564713,..,..,..
CO2 emissions (metric tons per capita),EN.ATM.CO2E.PC,Cabo Verde,CPV,0.278873181761012,0.497272909057895,0.954553681645967,1.055171109318,1.10947800885379,1.21254873865061,0.984565517268215,0.958866077299627,0.933403237234465,..,..,..
CO2 emissions (metric tons per capita),EN.ATM.CO2E.PC,Cambodia,KHM,0.140577278788661,0.162644455551575,0.280826949501636,0.330259354581565,0.3503305671918,0.358177248053809,0.369259354453103,0.372980821280234,0.437759998009271,..,..,..
CO2 emissions (metric tons per capita),EN.ATM.CO2E.PC,Cameroon,CMR,0.148054521904757,0.224712545323058,0.293251264293113,0.34608330428841,0.339515019532565,0.28109480266195,0.290648215621545,0.31275573214738,0.314928068034826,..,..,..
CO2 emissions (metric tons per capita),EN.ATM.CO2E.PC,Canada,CAN,15.6590703824979,17.3671146940009,16.8751978785393,15.9615601566894,15.723167000507,15.6397596234201,14.8906356432683,14.7119718243749,15.1171587794778,..,..,..
CO2 emissions (metric tons per capita),EN.ATM.CO2E.PC,Cayman Islands,CYM,9.9702518992403,11.171564276633,11.0163813626573,10.268870097091,10.0416884356928,10.3699252372788,9.30726839698903,9.17205461616213,9.17183803150139,..,..,..
CO2 emissions (metric tons per capita),EN.ATM.CO2E.PC,Central African Republic,CAF,0.0673581016266523,0.0712894801738275,0.0582279687005942,0.057449996934765,0.0593509084471819,0.0622614999978776,0.0653302500258328,0.0660110901885101,0.066593110852834,..,..,..
CO2 emissions (metric tons per capita),EN.ATM.CO2E.PC,Chad,TCD,0.0240081224014199,0.0210985622037555,0.0457804350171068,0.0427181727974423,0.0434961061484444,0.0438655959877126,0.0482001175115416,0.0533286826624467,0.0537776877715938,..,..,..
CO2 emissions (metric tons per capita),EN.ATM.CO2E.PC,Channel Islands,CHI,..,..,..,..,..,..,..,..,..,..,..,..
CO2 emissions (metric tons per capita),EN.ATM.CO2E.PC,Chile,CHL,2.51581052054156,3.8534993750145,4.31229432919644,3.96955561568827,4.25171517053079,4.61972953748937,4.67798279651244,4.765865990127,4.68737662371284,..,..,..
CO2 emissions (metric tons per capita),EN.ATM.CO2E.PC,China,CHN,2.15157090606377,2.69686243322549,5.7019150246668,6.01010243303337,6.56052000702696,7.24151541889549,7.42475091638009,7.55721104480691,7.54390764144927,..,..,..
CO2 emissions (metric tons per capita),EN.ATM.CO2E.PC,Colombia,COL,1.6730257868294,1.43362024086848,1.51640344483477,1.59990565917465,1.65892308211292,1.64912348976912,1.70539858227583,1.89310316137465,1.75953717356061,..,..,..
CO2 emissions (metric tons per capita),EN.ATM.CO2E.PC,Comoros,COM,0.151457504239615,0.189314418362813,0.161805093810529,0.19608111078764,0.23394210749146,0.192025124227075,0.197567788602342,0.237378287255563,0.202814119320239,..,..,..
CO2 emissions (metric tons per capita),EN.ATM.CO2E.PC,"Congo, Dem. Rep.",COD,0.117591196611624,0.0172926184840821,0.0307943994336068,0.0280271564708125,0.0313145508465683,0.0373770882118678,0.0348206856141438,0.0503392133435128,0.0633691910487466,..,..,..
CO2 emissions (metric tons per capita),EN.ATM.CO2E.PC,"Congo, Rep.",COG,0.486838325772591,0.325124227809731,0.318099787750262,0.410345599325953,0.451406104780982,0.500555539551447,0.641061362988395,0.649833427796859,0.635369293307611,..,..,..
CO2 emissions (metric tons per capita),EN.ATM.CO2E.PC,Costa Rica,CRI,0.954653350538357,1.3947039862762,1.83535936722543,1.76067779450536,1.66517530273163,1.68266074321907,1.66878006206111,1.61440217270054,1.63095106225335,..,..,..
CO2 emissions (metric tons per capita),EN.ATM.CO2E.PC,Cote d'Ivoire,CIV,0.410408539330019,0.406991230847387,0.347554665389543,0.283812054814804,0.341512031739498,0.3469514763384,0.434007997627109,0.486455714550535,0.490206046242236,..,..,..
CO2 emissions (metric tons per capita),EN.ATM.CO2E.PC,Croatia,HRV,..,4.36957930411207,5.09467724491646,4.77885555413565,4.56613105086015,4.62762981641453,4.21645564043887,4.12395313661313,3.97380490559031,..,..,..
CO2 emissions (metric tons per capita),EN.ATM.CO2E.PC,Cuba,CUB,3.1509899612373,2.33916137912332,2.69178569224406,2.64140845309341,3.38612744264541,3.16944466192752,3.17660834784583,3.0493621413006,3.04521062360798,..,..,..
CO2 emissions (metric tons per capita),EN.ATM.CO2E.PC,Curacao,CUW,..,..,..,..,..,..,39.445663037189,33.8994032063034,37.7262890532298,..,..,..
CO2 emissions (metric tons per capita),EN.ATM.CO2E.PC,Cyprus,CYP,5.70656288562432,7.34732626160041,7.93029439801472,7.38692403804473,6.92790356343255,6.60156823000707,6.09625641594908,5.1996632561002,5.26035204098901,..,..,..
CO2 emissions (metric tons per capita),EN.ATM.CO2E.PC,Czech Republic,CZE,..,12.0768890449527,11.2337728269439,10.3083217859627,10.6525786177933,10.1854822482433,9.61198587926592,9.384891602576,9.16597837581982,..,..,..
CO2 emissions (metric tons per capita),EN.ATM.CO2E.PC,Denmark,DNK,9.77069869920651,9.61317555419716,8.54335109757298,8.05889560110771,8.40721667045503,7.29638320804399,6.51480084670286,6.86256503195408,5.9357124821143,..,..,..
CO2 emissions (metric tons per capita),EN.ATM.CO2E.PC,Djibouti,DJI,0.54657366725497,0.475248890722201,0.606017007439236,0.552127049376225,0.607471573619567,0.546278770857464,0.586763278993628,0.678855967739058,0.791961752491876,..,..,..
CO2 emissions (metric tons per capita),EN.ATM.CO2E.PC,Dominica,DMA,0.827228378873756,1.47362075894139,1.85738807440133,1.85334624942088,1.95053191489362,1.78957862740177,1.88327966242852,1.82337016574586,1.86428591057737,..,..,..
CO2 emissions (metric tons per capita),EN.ATM.CO2E.PC,Dominican Republic,DOM,1.28484027681204,2.3113012579558,2.14924225757846,2.07081010811283,2.123958664314,2.11709004452436,2.17854455216422,2.08543251745694,2.0699866344335,..,..,..
CO2 emissions (metric tons per capita),EN.ATM.CO2E.PC,Ecuador,ECU,1.64686955714135,1.64060597076666,2.3442302583647,2.45510427107246,2.44136175575121,2.54391117556386,2.47349501603991,2.61768904438367,2.76170217502084,..,..,..
CO2 emissions (metric tons per capita),EN.ATM.CO2E.PC,"Egypt, Arab Rep.",EGY,1.32277721735697,2.02166057648738,2.45308047677171,2.50693511001549,2.41019138031345,2.5281673247975,2.47192818505753,2.376329651912,2.19898024634231,..,..,..
CO2 emissions (metric tons per capita),EN.ATM.CO2E.PC,El Salvador,SLV,0.478002406857947,0.978678941023167,1.0712393710228,1.04980108438988,1.04752291542098,1.0735900822923,1.07099751400282,0.996713368594016,1.00064462317564,..,..,..
CO2 emissions (metric tons per capita),EN.ATM.CO2E.PC,Equatorial Guinea,GNQ,0.154636566818009,0.740177398534647,5.18537846981523,5.08234968007207,4.91964285714286,6.16274628126603,4.92537981673283,4.76415691499669,4.7338165294876,..,..,..
CO2 emissions (metric tons per capita),EN.ATM.CO2E.PC,Eritrea,ERI,..,0.179415768858828,0.0978990397473348,0.119104459190401,0.116920680325405,0.132758693898348,..,..,..,..,..,..
CO2 emissions (metric tons per capita),EN.ATM.CO2E.PC,Estonia,EST,..,10.6362516419289,13.0818344314893,10.9143201837372,13.5996890666366,14.0167329722872,13.3240003749917,15.0937179674916,14.848819173174,..,..,..
CO2 emissions (metric tons per capita),EN.ATM.CO2E.PC,Eswatini,SWZ,0.493830198996254,1.11930646990771,0.946100473122288,0.885167383064772,0.862756818637179,0.855951970931836,0.966578750446658,0.856576240153021,0.92871499200446,..,..,..
CO2 emissions (metric tons per capita),EN.ATM.CO2E.PC,Ethiopia,ETH,0.0627606499917773,0.0533483376422177,0.0790840480985417,0.0776191388306392,0.0750938597422405,0.0858039683295198,0.0926228641124991,0.112072453123652,0.119124014522654,..,..,..
CO2 emissions (metric tons per capita),EN.ATM.CO2E.PC,Faroe Islands,FRO,14.9472202378451,14.587921621736,13.0086418479942,11.8663355112641,12.9912255406797,11.6932397959184,12.13140590967,13.9166512811045,12.2378485729495,..,..,..
CO2 emissions (metric tons per capita),EN.ATM.CO2E.PC,Fiji,FJI,1.11726971788073,1.03967712946995,1.06095762088837,0.929697981259837,1.4199790685505,1.25604495978484,1.2131042266677,1.30887617012328,1.32057470823182,..,..,..
CO2 emissions (metric tons per capita),EN.ATM.CO2E.PC,Finland,FIN,10.3771689611267,10.1284741400511,10.6371591894379,9.95519427234709,11.5752816522205,10.5444747406961,9.07543335566445,8.68178012315563,8.66072124349448,..,..,..
CO2 emissions (metric tons per capita),EN.ATM.CO2E.PC,France,FRA,6.42067090678677,5.94666546275395,5.69050141507597,5.43835672666487,5.42898086189895,5.07791149059709,5.07506388727506,5.06217403504859,4.5731821471024,..,..,..
CO2 emissions (metric tons per capita),EN.ATM.CO2E.PC,French Polynesia,PYF,2.19973787019534,2.39564103212537,3.20470098298116,3.18952409999209,3.20393547905309,3.08479004458148,2.99619069351461,3.00301248866661,2.91513481726706,..,..,..
CO2 emissions (metric tons per capita),EN.ATM.CO2E.PC,Gabon,GAB,4.72521770362062,3.81258721718887,2.71610005395692,2.67845740423531,2.93322440419215,2.92996822228023,2.90551833230211,2.90571962024376,2.7682657208219,..,..,..
CO2 emissions (metric tons per capita),EN.ATM.CO2E.PC,"Gambia, The",GMB,0.191987853509132,0.199448144407896,0.23083624790063,0.232603869330796,0.255713888079596,0.256174689912693,0.252317680516057,0.232722215170675,0.267684889136388,..,..,..
CO2 emissions (metric tons per capita),EN.ATM.CO2E.PC,Georgia,GEO,..,1.0266570853043,1.28208511166253,1.56893765711413,1.60839887926643,2.05730529032258,2.2069108496732,2.08113903601695,2.41154199087738,..,..,..
CO2 emissions (metric tons per capita),EN.ATM.CO2E.PC,Germany,DEU,..,10.0956398829225,9.50632117752826,8.81859556166104,9.27963401169499,9.1248592104965,9.19929975724339,9.39062341958994,8.88937039483839,..,..,..
CO2 emissions (metric tons per capita),EN.ATM.CO2E.PC,Ghana,GHA,0.260957010608234,0.332065263822419,0.392218773284621,0.322460194769617,0.40616280838234,0.391342521848358,0.461562599908002,0.55493014926488,0.536533377780147,..,..,..
CO2 emissions (metric tons per capita),EN.ATM.CO2E.PC,Gibraltar,GIB,4.90375120010972,10.7022771007056,12.9956006354638,14.0199660152931,14.0320286842026,13.5022002694207,13.7418433810189,14.5244893736514,15.5134849286092,..,..,..
CO2 emissions (metric tons per capita),EN.ATM.CO2E.PC,Greece,GRC,7.28452164170849,8.47843382003456,8.66282428137396,8.27789234499236,7.54018386811447,7.18976291454789,7.24700735925025,6.33661458954141,6.18033726778447,..,..,..
CO2 emissions (metric tons per capita),EN.ATM.CO2E.PC,Greenland,GRL,9.95893884892086,9.46112099644128,11.7181508308479,10.2217388988513,11.6637729549249,12.4403410089647,10.005016722408,9.80325053555937,8.98918198774314,..,..,..
CO2 emissions (metric tons per capita),EN.ATM.CO2E.PC,Grenada,GRD,1.10448365755118,1.87646011080605,2.4345521023766,2.42600866763826,2.48724170543672,2.40802284082798,2.57257705179132,2.87379731656422,2.27549830763445,..,..,..
CO2 emissions (metric tons per capita),EN.ATM.CO2E.PC,Guam,GUM,..,..,..,..,..,..,..,..,..,..,..,..
CO2 emissions (metric tons per capita),EN.ATM.CO2E.PC,Guatemala,GTM,0.549031915907629,0.85106743835994,0.81606028287423,0.82785497388694,0.797292859116729,0.791834914618241,0.78401618067539,0.874180490213843,1.15097799430391,..,..,..
CO2 emissions (metric tons per capita),EN.ATM.CO2E.PC,Guinea,GIN,0.166320537306653,0.18650251698748,0.212067120649895,0.214326136141025,0.241201500439589,0.25188429358134,0.228832610363065,0.19929667411108,0.207492620606193,..,..,..
CO2 emissions (metric tons per capita),EN.ATM.CO2E.PC,Guinea-Bissau,GNB,0.170258228948512,0.117983090806279,0.153530324997755,0.154659665438288,0.153196261922513,0.153925623718012,0.154457588763835,0.152655821159147,0.157241166708388,..,..,..
CO2 emissions (metric tons per capita),EN.ATM.CO2E.PC,Guyana,GUY,1.52440371366417,2.13701163280017,2.08822961916834,2.09980380666038,2.30367581266509,2.37907088506207,2.64888041418633,2.55404897365849,2.63234795184132,..,..,..
CO2 emissions (metric tons per capita),EN.ATM.CO2E.PC,Haiti,HTI,0.139971058062473,0.15999052542928,0.2471108535585,0.230376834363998,0.212694146185799,0.218681438265385,0.224883834618984,0.230598509783952,0.270538585794459,..,..,..
CO2 emissions (metric tons per capita),EN.ATM.CO2E.PC,Honduras,HND,0.523188172407558,0.771138223158008,1.10159173686956,0.979841745279819,0.973269196554196,1.07222735763207,1.05625722020409,1.04701421899481,1.07522179045218,..,..,..
CO2 emissions (metric tons per capita),EN.ATM.CO2E.PC,"Hong Kong SAR, China",HKG,4.79162380576738,6.06746826706677,6.32072364827963,6.04470198485544,5.79112653398252,6.193079501103,6.07328764632662,6.26907896752984,6.39360052562418,..,..,..
CO2 emissions (metric tons per capita),EN.ATM.CO2E.PC,Hungary,HUN,6.71365062307764,5.46729669489807,5.46350118168737,4.84011144757125,5.02231164868321,4.79790000267757,4.4941289440849,4.25965983098088,4.2655749757664,..,..,..
CO2 emissions (metric tons per capita),EN.ATM.CO2E.PC,Iceland,ISL,7.84266519115004,7.69378211624971,6.67748114449898,6.44749277077793,6.16852858593703,5.89682897929244,5.61399181830654,5.8669462942143,6.05965740746397,..,..,..
CO2 emissions (metric tons per capita),EN.ATM.CO2E.PC,India,IND,0.711562799537377,0.979870442389399,1.31009783272163,1.43184425374633,1.39700890564172,1.47668634979755,1.59809863737809,1.59143785328546,1.73000043156161,..,..,..
CO2 emissions (metric tons per capita),EN.ATM.CO2E.PC,Indonesia,IDN,0.824341653340586,1.24524161289282,1.7638951391433,1.86516540256931,1.76790787941536,2.45684474415599,2.559750232591,1.94509447387694,1.81936331905513,..,..,..
CO2 emissions (metric tons per capita),EN.ATM.CO2E.PC,"Iran, Islamic Rep.",IRN,3.74316340331467,5.62871214830904,7.43467454741431,7.52200253869157,7.68472866152124,7.80293462388959,8.0016962450964,8.00380876267108,8.28302078741615,..,..,..
CO2 emissions (metric tons per capita),EN.ATM.CO2E.PC,Iraq,IRQ,2.73014988546858,3.07421949277952,3.1997457904574,3.49715293558192,3.64712877455071,4.23564549156204,4.65952390199695,4.88462266415942,4.81183968613452,..,..,..
CO2 emissions (metric tons per capita),EN.ATM.CO2E.PC,Ireland,IRL,8.88372281638965,10.8347426425178,9.57764129274599,8.88901094176336,8.78361393417548,7.77982216046693,7.73815559101326,7.53811029677652,7.31393980771791,..,..,..
CO2 emissions (metric tons per capita),EN.ATM.CO2E.PC,Isle of Man,IMN,..,..,..,..,..,..,..,..,..,..,..,..
CO2 emissions (metric tons per capita),EN.ATM.CO2E.PC,Israel,ISR,7.7888339055794,9.58177945619335,9.3400930385289,8.61247288126536,9.03522325410567,8.90188827937881,9.54796776436382,8.32178547056269,7.86318134790706,..,..,..
CO2 emissions (metric tons per capita),EN.ATM.CO2E.PC,Italy,ITA,7.36170458207832,7.912673166227,7.60176496973799,6.79565148637292,6.83837457020099,6.70255761383033,6.20541385845015,5.73294187855659,5.27086678640296,..,..,..
CO2 emissions (metric tons per capita),EN.ATM.CO2E.PC,Jamaica,JAM,3.10695796871764,3.87973829296494,3.65895398122376,2.76063146512834,2.5902683860983,2.77731063480277,2.62666878329823,2.83787402162909,2.59321537046218,..,..,..
CO2 emissions (metric tons per capita),EN.ATM.CO2E.PC,Japan,JPN,8.87329283534488,9.62235162366075,9.44953397156087,8.62081638773263,9.14831603810416,9.31742666604085,9.63862828980874,9.7808150653223,9.53870610327163,..,..,..
CO2 emissions (metric tons per capita),EN.ATM.CO2E.PC,Jordan,JOR,2.92179171832021,3.03886889026931,3.28965478560121,3.20944402646136,2.94896155736461,2.86052357093644,3.05836706152074,2.8988318010275,3.00251472703979,..,..,..
CO2 emissions (metric tons per capita),EN.ATM.CO2E.PC,Kazakhstan,KAZ,..,7.93485418136683,14.8530578665306,13.2567629220034,15.2279873289044,15.646296858992,14.4694178907699,15.4293165175178,14.3631697418223,..,..,..
CO2 emissions (metric tons per capita),EN.ATM.CO2E.PC,Kenya,KEN,0.248827871304557,0.331249189400366,0.261618017955056,0.306941207942779,0.294423101516048,0.316754324792202,0.286745420820472,0.297438082252893,0.310415313666165,..,..,..
CO2 emissions (metric tons per capita),EN.ATM.CO2E.PC,Kiribati,KIR,0.30384466662984,0.34755823045755,0.558766761479074,0.401091798584043,0.607284806920469,0.595656245222443,0.584722313413936,0.574367715483485,0.564368357203643,..,..,..
CO2 emissions (metric tons per capita),EN.ATM.CO2E.PC,"Korea, Dem. People’s Rep.",PRK,..,3.03815129916929,2.92303428136408,2.88916720465555,2.70227950610288,1.94294369398832,1.97380940252999,1.44120605895083,1.61359684123056,..,..,..
CO2 emissions (metric tons per capita),EN.ATM.CO2E.PC,"Korea, Rep.",KOR,5.76037425211894,9.52093176005307,10.3474228610228,10.3201094917268,11.4363166269633,11.8029687340986,11.6328245622552,11.7492008400819,11.5703454093401,..,..,..
CO2 emissions (metric tons per capita),EN.ATM.CO2E.PC,Kosovo,XKX,..,..,..,..,..,..,..,..,..,..,..,..
CO2 emissions (metric tons per capita),EN.ATM.CO2E.PC,Kuwait,KWT,24.290470395763,26.117487288741,31.1917729250398,30.9704949273468,29.8941513627208,28.5265287204749,30.1379123183361,27.3303921064589,25.2238644264961,..,..,..
CO2 emissions (metric tons per capita),EN.ATM.CO2E.PC,Kyrgyz Republic,KGZ,..,0.946245304589254,1.44026980277135,1.26154663496368,1.1718730152903,1.38844086606463,1.80694838778713,1.7207895657039,1.64639533887413,..,..,..
CO2 emissions (metric tons per capita),EN.ATM.CO2E.PC,Lao PDR,LAO,0.0499442053393799,0.176149080630416,0.156321265525372,0.204449551335525,0.262420284476794,0.256490776723786,0.264657252209568,0.242789462006416,0.297200883705774,..,..,..
CO2 emissions (metric tons per capita),EN.ATM.CO2E.PC,Latvia,LVA,..,2.68262296466812,3.62940575624552,3.37649001783189,3.84959345523717,3.54111333202894,3.47174754795094,3.5182409036458,3.49819288166911,..,..,..
CO2 emissions (metric tons per capita),EN.ATM.CO2E.PC,Lebanon,LBN,3.03885733565765,4.71272369184816,4.19055437702366,4.98966904413797,4.6222820517018,4.45551119700948,4.60351183507295,4.27993734768585,4.29573255231446,..,..,..
CO2 emissions (metric tons per capita),EN.ATM.CO2E.PC,Lesotho,LSO,0.919071684815747,0.990975539666902,1.06346722135275,1.09871489281199,1.11597651810712,1.12985680415238,1.15102147059612,1.14996356313354,1.15011103162712,..,..,..
CO2 emissions (metric tons per capita),EN.ATM.CO2E.PC,Liberia,LBR,0.225555875554064,0.146195799512016,0.154168462784395,0.135653470209323,0.200619787873991,0.218929837522637,0.245544548772791,0.223290252575012,0.21296766351526,..,..,..
CO2 emissions (metric tons per capita),EN.ATM.CO2E.PC,Libya,LBY,8.2900203553979,8.79682718632737,9.25370943510062,9.47205276608453,10.043749858165,6.41036612410331,8.49977348474362,9.08113628697363,9.18684539340708,..,..,..
CO2 emissions (metric tons per capita),EN.ATM.CO2E.PC,Liechtenstein,LIE,..,..,1.75400241974058,1.43538556170665,1.52778935088743,1.31455437899846,1.30444657271857,1.39376662865831,1.18522907856816,..,..,..
CO2 emissions (metric tons per capita),EN.ATM.CO2E.PC,Lithuania,LTU,..,3.47572906808217,4.69291649039735,3.95810005703598,4.34861630293916,4.55330131121176,4.62950967158482,4.27365723711993,4.37809012309851,..,..,..
CO2 emissions (metric tons per capita),EN.ATM.CO2E.PC,Luxembourg,LUX,26.1976587665314,18.8855122622049,22.3854722193799,20.8771251730172,21.6351358015437,21.1029696323119,20.0842194874808,18.4983197143698,17.3621213728095,..,..,..
CO2 emissions (metric tons per capita),EN.ATM.CO2E.PC,"Macao SAR, China",MAC,3.00665532731475,3.81283894770538,2.6022362291678,3.94403907765466,2.62236367462554,2.63626171422123,2.33371316425228,2.05052089031521,2.17984275987167,..,..,..
CO2 emissions (metric tons per capita),EN.ATM.CO2E.PC,"Macedonia, FYR",MKD,..,5.92899417589476,4.54788045534005,4.20383424041355,4.15445017455121,4.53512743542096,4.32288301649537,3.78052346658226,3.61493818276338,..,..,..
CO2 emissions (metric tons per capita),EN.ATM.CO2E.PC,Madagascar,MDG,0.0818849083335941,0.118846962409508,0.0944419237216331,0.0861077631854079,0.0925780695964946,0.107595267078671,0.12110340140298,0.135748886401402,0.130421320637677,..,..,..
CO2 emissions (metric tons per capita),EN.ATM.CO2E.PC,Malawi,MWI,0.0792650382996525,0.0763946782801807,0.0740017296331908,0.0642957247501496,0.0754332982024574,0.0755568762942631,0.0681128300668963,0.0738835216940527,0.0747629100469522,..,..,..
CO2 emissions (metric tons per capita),EN.ATM.CO2E.PC,Malaysia,MYS,3.13736577811205,5.4229371944872,7.52577775520397,7.20424991024395,7.77155474604007,7.69701588203133,7.49755896856738,7.96151399932217,8.03299157864044,..,..,..
CO2 emissions (metric tons per capita),EN.ATM.CO2E.PC,Maldives,MDV,0.772121049212642,1.60865455946131,2.44428408307106,2.49293231894973,2.56531352963285,2.62954274640059,2.87698697317214,2.74980938457009,3.26955984979681,..,..,..
CO2 emissions (metric tons per capita),EN.ATM.CO2E.PC,Mali,MLI,0.0498163773799235,0.0748934369953928,0.0757354393227547,0.0552312081999661,0.0639744983195783,0.0672476507125769,0.0620839312611555,0.0623116483019779,0.0832286633976398,..,..,..
CO2 emissions (metric tons per capita),EN.ATM.CO2E.PC,Malta,MLT,6.09837930937121,5.29246296339022,6.25231387052096,5.81418600309835,6.17494957877773,6.10479546830407,6.3819007304275,5.49231747999258,5.40061395717027,..,..,..
CO2 emissions (metric tons per capita),EN.ATM.CO2E.PC,Marshall Islands,MHL,1.00788616854835,1.47638950133246,1.89607032057911,1.96246177370031,1.95853123509776,1.95416999733547,1.94968004101551,1.94487905593545,1.94101856402889,..,..,..
CO2 emissions (metric tons per capita),EN.ATM.CO2E.PC,Mauritania,MRT,0.446151004364231,0.433106133221917,0.56820328794283,0.605538677940888,0.619710029773852,0.644099587053403,0.693144213716168,0.676497971450799,0.666822427606843,..,..,..
CO2 emissions (metric tons per capita),EN.ATM.CO2E.PC,Mauritius,MUS,1.38191117092867,2.2677893927994,3.02999145581499,2.97492201960993,3.13208253358925,3.12999878633412,3.15928885038563,3.23390958429369,3.35311047207863,..,..,..
CO2 emissions (metric tons per capita),EN.ATM.CO2E.PC,Mexico,MEX,3.73050073857275,3.91647818215066,4.33964443588963,4.12060076622679,3.95765766416183,4.06775519227611,4.10768631393635,4.00160249273419,3.86624111265674,..,..,..
CO2 emissions (metric tons per capita),EN.ATM.CO2E.PC,"Micronesia, Fed. Sts.",FSM,..,1.16052945118773,1.12314554260227,1.55202000769527,1.09709890364422,1.16955000579889,1.31087021632223,1.37907658482961,1.44543575445849,..,..,..
CO2 emissions (metric tons per capita),EN.ATM.CO2E.PC,Moldova,MDA,..,0.965214232804117,1.33836315315951,1.27629063687386,1.38463017732791,1.41530275680859,1.38355238446543,1.40453233128176,1.38682914196587,..,..,..
CO2 emissions (metric tons per capita),EN.ATM.CO2E.PC,Monaco,MCO,..,..,..,..,..,..,..,..,..,..,..,..
CO2 emissions (metric tons per capita),EN.ATM.CO2E.PC,Mongolia,MNG,4.57337218911748,3.1309903580325,4.58073094529915,4.91033430037001,5.09498940150775,7.78544140247603,9.31921743314147,13.5069399642467,7.12732634813277,..,..,..
CO2 emissions (metric tons per capita),EN.ATM.CO2E.PC,Montenegro,MNE,..,..,4.45767939718203,2.95355607526517,4.16766436131399,4.14554758345308,3.76389822124038,3.61855387978564,3.5560717904183,..,..,..
CO2 emissions (metric tons per capita),EN.ATM.CO2E.PC,Morocco,MAR,0.946260352449538,1.17523491903065,1.67422175403217,1.64058371303915,1.72659806547058,1.75555822556395,1.88191534421724,1.74672897248759,1.74437997438202,..,..,..
CO2 emissions (metric tons per capita),EN.ATM.CO2E.PC,Mozambique,MOZ,0.0772282689554954,0.0746889183989074,0.099191578954003,0.107559225632069,0.11294068201246,0.129247056969594,0.121535416324105,0.152038111591983,0.309666606914455,..,..,..
CO2 emissions (metric tons per capita),EN.ATM.CO2E.PC,Myanmar,MMR,0.105245303221439,0.218848376007165,0.198099032509298,0.205437515022382,0.249531401054026,0.282824446273063,0.217129435442478,0.249963458388317,0.416600361658081,..,..,..
CO2 emissions (metric tons per capita),EN.ATM.CO2E.PC,Namibia,NAM,0.0285129201267838,0.864978252021712,1.57900136490416,1.43622908321791,1.42753765236958,1.27771130531801,1.49502635677542,1.13499516516154,1.58372866715704,..,..,..
CO2 emissions (metric tons per capita),EN.ATM.CO2E.PC,Nauru,NRU,13.6185690879301,8.40300886719139,4.42384638584498,4.05600804424334,4.38942643391521,4.01083822213384,3.92421441774492,4.06653728860549,4.02185100818358,..,..,..
CO2 emissions (metric tons per capita),EN.ATM.CO2E.PC,Nepal,NPL,0.0338352585676581,0.129282275646457,0.129223795911589,0.162087330503906,0.187128274559686,0.202491061361071,0.211798006685371,0.237169786577315,0.283538525834667,..,..,..
CO2 emissions (metric tons per capita),EN.ATM.CO2E.PC,Netherlands,NLD,10.5944750062034,10.8947262797751,10.7640240154308,10.4275230563251,11.0170708560989,10.4335386040941,10.1647588338308,10.3100627858175,9.92013807523839,..,..,..
CO2 emissions (metric tons per capita),EN.ATM.CO2E.PC,New Caledonia,NCL,9.26947495304244,10.4732120245744,11.8129515962925,12.091632445619,14.1834714714715,14.3450560251622,14.0167181467181,16.092239711739,16.005931729155,..,..,..
CO2 emissions (metric tons per capita),EN.ATM.CO2E.PC,New Zealand,NZL,7.07123761186858,8.54939419861576,8.02904103479037,7.52729605354902,7.3050058611258,7.18594822080292,7.74727683128786,7.53195740753247,7.68657582544293,..,..,..
CO2 emissions (metric tons per capita),EN.ATM.CO2E.PC,Nicaragua,NIC,0.614917367685149,0.748457267810351,0.790490170177671,0.793378229306173,0.790571277142518,0.840380211507932,0.786172382743349,0.765378513414715,0.808520855597367,..,..,..
CO2 emissions (metric tons per capita),EN.ATM.CO2E.PC,Niger,NER,0.0915278575280415,0.0613698279736946,0.0532163817572615,0.0612174861465344,0.0714397995613914,0.0777897635789008,0.105264015713385,0.105275362941766,0.111073515505541,..,..,..
CO2 emissions (metric tons per capita),EN.ATM.CO2E.PC,Nigeria,NGA,0.411426135584272,0.621626466305102,0.639510536232122,0.496985479758217,0.577111379724362,0.587523022576854,0.588789917234998,0.571126416080498,0.545622113213755,..,..,..
CO2 emissions (metric tons per capita),EN.ATM.CO2E.PC,Northern Mariana Islands,MNP,..,..,..,..,..,..,..,..,..,..,..,..
CO2 emissions (metric tons per capita),EN.ATM.CO2E.PC,Norway,NOR,7.42914808133872,8.83401570307687,11.6795832483958,11.4618288550645,12.2934544997885,9.12476721592671,9.94098023481974,11.4501188375594,9.27094513154166,..,..,..
CO2 emissions (metric tons per capita),EN.ATM.CO2E.PC,Oman,OMN,6.2831289731591,9.65420806343588,15.4786753528616,14.2574505487797,15.5905311922564,16.6898687411731,17.0752640098088,16.5374000297994,15.4431671894823,..,..,..
CO2 emissions (metric tons per capita),EN.ATM.CO2E.PC,Pakistan,PAK,0.636761223542495,0.768458118792086,0.97205034620054,0.950832112238774,0.946268168264502,0.929801104594609,0.918978434073748,0.904315983160111,0.896264105182138,..,..,..
CO2 emissions (metric tons per capita),EN.ATM.CO2E.PC,Palau,PLW,15.5546129374337,13.0042242503259,12.5085525014831,12.077917608888,12.3606741573034,12.2832661779698,12.1891800751517,12.2700764818356,12.3427040864701,..,..,..
CO2 emissions (metric tons per capita),EN.ATM.CO2E.PC,Panama,PAN,1.12042691872025,1.91073596522114,2.09720561686424,2.40240013298374,2.51531007443411,2.72370867542914,2.68055981836966,2.79243118728282,2.2543113627969,..,..,..
CO2 emissions (metric tons per capita),EN.ATM.CO2E.PC,Papua New Guinea,PNG,0.496521842154258,0.478428354074909,0.706689825991239,0.733141684995942,0.670128424213086,0.732961332983371,0.683475587403625,0.814742393022924,0.81464880730964,..,..,..
CO2 emissions (metric tons per capita),EN.ATM.CO2E.PC,Paraguay,PRY,0.51344624326786,0.695683708299546,0.736175271621171,0.744430375677421,0.820810138429473,0.845408397461431,0.828337606844976,0.840506113762694,0.870219290588263,..,..,..
CO2 emissions (metric tons per capita),EN.ATM.CO2E.PC,Peru,PER,0.96535997402809,1.16908722591373,1.43200278053403,1.78282804407371,1.96073384965557,1.66777094574867,1.82602434048966,1.86986825369967,1.99348594924528,..,..,..
CO2 emissions (metric tons per capita),EN.ATM.CO2E.PC,Philippines,PHL,0.674176770246888,0.939934892193283,0.868950030602126,0.84111159903388,0.905495625234512,0.897333685006204,0.941558643067239,0.996424570368028,1.05545684592961,..,..,..
CO2 emissions (metric tons per capita),EN.ATM.CO2E.PC,Poland,POL,9.66717214041947,7.82279832871167,8.25816005394148,7.80091434165951,8.31337682505654,8.32817587460663,7.87983006352283,7.94628250601022,7.51715158489872,..,..,..
CO2 emissions (metric tons per capita),EN.ATM.CO2E.PC,Portugal,PRT,4.23919892363364,6.09640338514531,5.26840220617631,5.12632397785555,4.55275264586545,4.51082721765256,4.37605313022238,4.3440293115954,4.33155402784831,..,..,..
CO2 emissions (metric tons per capita),EN.ATM.CO2E.PC,Puerto Rico,PRI,..,..,..,..,..,..,..,..,..,..,..,..
CO2 emissions (metric tons per capita),EN.ATM.CO2E.PC,Qatar,QAT,24.7137382069284,58.6393586000908,46.6721376018288,43.5144765460969,40.7420176481562,41.2056454380873,44.6179293580487,37.7800853420592,45.4232399589121,..,..,..
CO2 emissions (metric tons per capita),EN.ATM.CO2E.PC,Romania,ROU,7.50316334893339,4.04051865503903,4.69206736334699,4.00521095214152,3.92221356080157,4.21292622102324,4.07431545512808,3.55016707872764,3.51615369125659,..,..,..
CO2 emissions (metric tons per capita),EN.ATM.CO2E.PC,Russian Federation,RUS,..,10.6271205332605,12.0145065077043,11.0238562302845,11.6943481245069,12.3348810039402,12.7849790249662,12.3935564747819,11.8575277737052,..,..,..
CO2 emissions (metric tons per capita),EN.ATM.CO2E.PC,Rwanda,RWA,0.0750043049847439,0.0657946101419402,0.0559030235258575,0.0577020411836857,0.0576164832052646,0.0631154924686225,0.0683174569159483,0.0725767773074222,0.074016445670242,..,..,..
CO2 emissions (metric tons per capita),EN.ATM.CO2E.PC,Samoa,WSM,0.630432379993369,0.819042437431991,0.979060187657335,1.01185439278024,1.00436078515615,1.07470759065356,1.04663995686967,1.03806413395052,1.02978834052733,..,..,..
CO2 emissions (metric tons per capita),EN.ATM.CO2E.PC,San Marino,SMR,..,..,..,..,..,..,..,..,..,..,..,..
CO2 emissions (metric tons per capita),EN.ATM.CO2E.PC,Sao Tome and Principe,STP,0.41855952516836,0.343931720127556,0.505299167829947,0.536698026496812,0.566490822538564,0.574250559284116,0.621562805854918,0.607752145205699,0.594339819936633,..,..,..
CO2 emissions (metric tons per capita),EN.ATM.CO2E.PC,Saudi Arabia,SAU,11.3802491790346,14.3002727468168,16.5829992710317,17.5896118641822,18.9053424973007,17.7023072439215,19.4195057841035,18.0683580838082,19.5292717983416,..,..,..
CO2 emissions (metric tons per capita),EN.ATM.CO2E.PC,Senegal,SEN,0.421270162317651,0.398455815489437,0.41736159837338,0.365212358587026,0.599610304214953,0.629136953787372,0.577471338918714,0.596523237433712,0.608809117433519,..,..,..
CO2 emissions (metric tons per capita),EN.ATM.CO2E.PC,Serbia,SRB,..,..,7.08782251746954,6.3083479731128,6.30257798326694,6.80367714071925,6.12060018249562,6.26511069310281,5.28252191688301,..,..,..
CO2 emissions (metric tons per capita),EN.ATM.CO2E.PC,Seychelles,SYC,2.16304832606788,7.05096695467824,7.97027232163393,6.00679282457788,4.9427091455943,3.90012694273853,4.98329615075366,4.48443006592625,5.41867796276229,..,..,..
CO2 emissions (metric tons per capita),EN.ATM.CO2E.PC,Sierra Leone,SLE,0.113099067168246,0.0931955129125033,0.107654006927725,0.103438844041291,0.11241639210246,0.135882766468855,0.152292538260207,0.172170095140492,0.184925701657908,..,..,..
CO2 emissions (metric tons per capita),EN.ATM.CO2E.PC,Singapore,SGP,14.6023795490317,12.1666243367801,7.46676196781582,11.2144225257455,10.9604087826578,8.72379741990645,6.84675846508862,10.3119819334926,10.306331909983,..,..,..
CO2 emissions (metric tons per capita),EN.ATM.CO2E.PC,Sint Maarten (Dutch part),SXM,..,..,..,..,..,..,20.1134526558891,19.5335591553528,19.4613241342709,..,..,..
CO2 emissions (metric tons per capita),EN.ATM.CO2E.PC,Slovak Republic,SVK,..,6.65932948826437,7.01055856847993,6.31907323733116,6.72195956247584,6.39539628896351,6.05902290100616,6.11280355961594,5.66158132774424,..,..,..
CO2 emissions (metric tons per capita),EN.ATM.CO2E.PC,Slovenia,SVN,..,7.23840366026874,8.58644120958821,7.49160231390485,7.48585436860503,7.35063762791407,7.18548104448903,6.8695513926774,6.21368684468327,..,..,..
CO2 emissions (metric tons per capita),EN.ATM.CO2E.PC,Solomon Islands,SLB,0.470369420215495,0.364381290761956,0.370714621281049,0.376591568345156,0.375183311544364,0.366962310095735,0.359033309097766,0.357906561161854,0.350449345269538,..,..,..
CO2 emissions (metric tons per capita),EN.ATM.CO2E.PC,Somalia,SOM,0.0991436524472896,0.053307231809562,0.0528958924033509,0.0510524009672027,0.0508070745890954,0.0487761719828533,0.0476913728351234,0.04635286497488,0.0450467230932889,..,..,..
CO2 emissions (metric tons per capita),EN.ATM.CO2E.PC,South Africa,ZAF,8.34133210331858,8.28076479529149,9.85421895195103,9.87059693646667,9.19069871601177,9.00403338726771,8.84503303913285,8.67396282312054,8.98011929723466,..,..,..
CO2 emissions (metric tons per capita),EN.ATM.CO2E.PC,South Sudan,SSD,..,..,..,..,..,..,0.123043931841892,0.129587680239481,0.129749350683477,..,..,..
CO2 emissions (metric tons per capita),EN.ATM.CO2E.PC,Spain,ESP,5.62419000722509,7.25782434589112,7.16553160668603,6.21697337783496,5.81641636625128,5.78801845772827,5.66093880333453,5.08439835268284,5.03382448723757,..,..,..
CO2 emissions (metric tons per capita),EN.ATM.CO2E.PC,Sri Lanka,LKA,0.223239992491509,0.545112224308269,0.612029771432949,0.656312555771866,0.656664382487028,0.745132332402183,0.784926511627907,0.75246091814428,0.88554580906071,..,..,..
CO2 emissions (metric tons per capita),EN.ATM.CO2E.PC,St. Kitts and Nevis,KNA,2.60427584855757,3.7984087803588,4.29851784153223,4.39584561568997,4.27680046651764,4.44219897704111,4.18360555988667,4.2070943594952,4.2989449003517,..,..,..
CO2 emissions (metric tons per capita),EN.ATM.CO2E.PC,St. Lucia,LCA,1.16762311394146,2.10278498110851,2.34036165937832,2.25137701582253,2.3372928496929,2.34155391412398,2.32812079961106,2.31718661049755,2.30719132076113,..,..,..
CO2 emissions (metric tons per capita),EN.ATM.CO2E.PC,St. Martin (French part),MAF,..,..,..,..,..,..,..,..,..,..,..,..
CO2 emissions (metric tons per capita),EN.ATM.CO2E.PC,St. Vincent and the Grenadines,VCT,0.750420910655318,1.35943205620123,2.08266385746347,2.85296513596881,2.01271554681425,1.81101325211952,2.31434765110493,1.91199231613611,1.91134540998747,..,..,..
CO2 emissions (metric tons per capita),EN.ATM.CO2E.PC,Sudan,SDN,0.202623461089627,0.159133713745191,0.341440489486692,0.346451108240755,0.345245385884236,0.330142236762997,0.301083380638175,0.309100309482467,..,..,..,..
CO2 emissions (metric tons per capita),EN.ATM.CO2E.PC,Suriname,SUR,4.34670603133467,4.64982958995745,3.77272162562992,3.84577205211489,4.5654273022583,3.70432608650668,4.20586247409589,3.53493014339956,3.6340194332102,..,..,..
CO2 emissions (metric tons per capita),EN.ATM.CO2E.PC,Sweden,SWE,6.06936831940328,5.56243008285854,5.32809827545271,4.63141135977089,5.54734805226545,5.47495712076762,4.94230082776452,4.67142078453361,4.47818217821374,..,..,..
CO2 emissions (metric tons per capita),EN.ATM.CO2E.PC,Switzerland,CHE,6.34508516765421,5.43548498451474,5.28304432392851,5.37797364121195,4.98342894466888,4.67203836308538,4.72357428746104,4.97283587573087,4.31156299409097,..,..,..
CO2 emissions (metric tons per capita),EN.ATM.CO2E.PC,Syrian Arab Republic,SYR,3.00167786542544,3.11019716957954,3.32990621655823,2.99313259376651,2.93097133742052,2.72757822531861,2.19042754702691,1.83950323741953,1.59889845852933,..,..,..
CO2 emissions (metric tons per capita),EN.ATM.CO2E.PC,Tajikistan,TJK,..,0.359844953633286,0.397314920609905,0.328286152789195,0.33303078008226,0.300737248925243,0.366926485373097,0.425539774773414,0.620466724741697,..,..,..
CO2 emissions (metric tons per capita),EN.ATM.CO2E.PC,Tanzania,TZA,0.0890118322343113,0.077571471180239,0.141950648465603,0.132511807938661,0.154161891846109,0.170126456715073,0.194470622892078,0.220730007616033,0.221347372384527,..,..,..
CO2 emissions (metric tons per capita),EN.ATM.CO2E.PC,Thailand,THA,1.60483198601922,2.87923298923262,3.79353416355903,4.00112921488869,4.19478193989097,4.12138945978632,4.37176541487934,4.40380756280922,4.62186003163084,..,..,..
CO2 emissions (metric tons per capita),EN.ATM.CO2E.PC,Timor-Leste,TLS,..,..,0.187072747678808,0.20819562993752,0.211508564867595,0.217131247000724,0.25360489643487,0.371540554186797,0.387014002147073,..,..,..
CO2 emissions (metric tons per capita),EN.ATM.CO2E.PC,Togo,TGO,0.204317205976329,0.273713590968232,0.273159481423922,0.439659633594462,0.406006379871787,0.368935463422566,0.362450983908114,0.377480424390468,0.362696891580548,..,..,..
CO2 emissions (metric tons per capita),EN.ATM.CO2E.PC,Tonga,TON,0.809296606517924,0.972064191186966,1.17480704820154,1.2741979074167,1.12682331928133,0.981822006751007,1.01326333241227,1.07926667173021,1.14396589211775,..,..,..
CO2 emissions (metric tons per capita),EN.ATM.CO2E.PC,Trinidad and Tobago,TTO,13.9339397659383,18.8008421241908,33.7435858449169,33.969786277124,36.0929327610873,35.1620879120879,33.8550001938002,34.5200319229103,34.1632426302683,..,..,..
CO2 emissions (metric tons per capita),EN.ATM.CO2E.PC,Tunisia,TUN,1.61150651473612,2.05406808419295,2.38539334177353,2.35595049304142,2.59965793011252,2.41798186065153,2.48044562395032,2.51190424527248,2.58705958448329,..,..,..
CO2 emissions (metric tons per capita),EN.ATM.CO2E.PC,Turkey,TUR,2.70500734778405,3.4179459428928,4.03151171197651,3.89470279202096,4.12021480689747,4.37056095839426,4.4194878877818,4.28530084308416,4.49147902571948,..,..,..
CO2 emissions (metric tons per capita),EN.ATM.CO2E.PC,Turkmenistan,TKM,..,8.31222101396084,11.5141625548396,10.0521323096277,11.2614853721392,12.073175209956,12.3148974370705,12.4361327229288,12.5172953406189,..,..,..
CO2 emissions (metric tons per capita),EN.ATM.CO2E.PC,Turks and Caicos Islands,TCA,2.53947368421053,3.69167593917236,6.0948746650385,5.94091585386014,6.15228753952378,6.00939144685008,6.1058246739231,5.98097136643711,6.08648744776075,..,..,..
CO2 emissions (metric tons per capita),EN.ATM.CO2E.PC,Tuvalu,TUV,0.814617349772298,0.778556263269639,1.06392649903288,1.05363470931903,0.696420093058589,0.690063981934513,1.02573426573427,1.01682225714022,1.00852585258526,..,..,..
CO2 emissions (metric tons per capita),EN.ATM.CO2E.PC,Uganda,UGA,0.0435273265692626,0.059491397285958,0.100754815516069,0.103166875153237,0.115583300233557,0.121524014830262,0.112110415912217,0.129674908955772,0.134656000985545,..,..,..
CO2 emissions (metric tons per capita),EN.ATM.CO2E.PC,Ukraine,UKR,..,6.52561877529799,6.72364983937983,5.64781047177944,6.6413496850931,6.26596231137638,6.4876028056754,5.97664184780697,5.02074706440171,..,..,..
CO2 emissions (metric tons per capita),EN.ATM.CO2E.PC,United Arab Emirates,ARE,27.9592452103943,35.6782592296172,22.8239471921498,21.9085560836759,19.4436902679391,19.0764887762721,19.8176842234884,18.9541637858011,23.3020225078816,..,..,..
CO2 emissions (metric tons per capita),EN.ATM.CO2E.PC,United Kingdom,GBR,9.71088167805014,9.19954923303155,8.42442398307829,7.57462213135116,7.85783648614987,7.07929762567232,7.35589827677421,7.14584435876957,6.49744049045117,..,..,..
CO2 emissions (metric tons per capita),EN.ATM.CO2E.PC,United States,USA,19.3227511807806,20.1787505069199,18.4617638680802,17.1577377931966,17.4421661155373,16.9734560923114,16.3042868033172,16.314351819388,16.4906083931135,..,..,..
CO2 emissions (metric tons per capita),EN.ATM.CO2E.PC,Uruguay,URY,1.28404409147428,1.59763853615135,2.46668222502883,2.39686388095475,1.89304338677963,2.29294186241591,2.55961960411296,2.22623587700135,1.97315082177576,..,..,..
CO2 emissions (metric tons per capita),EN.ATM.CO2E.PC,Uzbekistan,UZB,..,4.94226223509558,4.53801793222673,3.85817199305661,3.64704888244685,3.87480091617416,3.88973319451208,3.41744243334039,3.42072274584901,..,..,..
CO2 emissions (metric tons per capita),EN.ATM.CO2E.PC,Vanuatu,VUT,0.450141167805557,0.45574209863668,0.423102866779089,0.524345169746734,0.512118326667936,0.545795072580012,0.459328848213023,0.420092280222168,0.594993239327796,..,..,..
CO2 emissions (metric tons per capita),EN.ATM.CO2E.PC,"Venezuela, RB",VEN,6.15057439458631,6.22428968235495,6.36474017686422,6.28912833146356,6.51337691396451,6.00145923956696,6.64923346808024,6.06646131348109,6.02569758235129,..,..,..
CO2 emissions (metric tons per capita),EN.ATM.CO2E.PC,Vietnam,VNM,0.313855299411278,0.66817173179905,1.36081249482962,1.46901267757483,1.61335958223951,1.70142228279496,1.57233798156171,1.60911159266528,1.80356574966869,..,..,..
CO2 emissions (metric tons per capita),EN.ATM.CO2E.PC,Virgin Islands (U.S.),VIR,..,..,..,..,..,..,..,..,..,..,..,..
CO2 emissions (metric tons per capita),EN.ATM.CO2E.PC,West Bank and Gaza,PSE,..,0.271057675624788,0.570947493916625,0.564577774728555,0.53401483350485,0.572406877323468,0.54367527152258,0.584854656642777,..,..,..,..
CO2 emissions (metric tons per capita),EN.ATM.CO2E.PC,"Yemen, Rep.",YEM,0.795928336965651,0.819163987138264,0.999238383332981,1.06905949524371,0.992601743761824,0.810900295008215,0.749446817858344,0.996884970403485,0.864834534752234,..,..,..
CO2 emissions (metric tons per capita),EN.ATM.CO2E.PC,Zambia,ZMB,0.30469813272361,0.173056761414465,0.165936264405389,0.186396423356975,0.194337298690913,0.205910777583577,0.249456851413717,0.2611125299524,0.288271141095299,..,..,..
CO2 emissions (metric tons per capita),EN.ATM.CO2E.PC,Zimbabwe,ZWE,1.53621215830562,1.13920087224522,0.573101063254266,0.405715639126152,0.552146242342835,0.66475076996735,0.529703430657123,0.775563675088375,0.779955845162839,..,..,..
CO2 emissions (metric tons per capita),EN.ATM.CO2E.PC,Arab World,ARB,2.98900807203007,3.68444127176971,4.39040143437389,4.54215145137159,4.61575820147529,4.53775523602928,4.81363072670862,4.65047416848542,4.86023383242015,..,..,..
CO2 emissions (metric tons per capita),EN.ATM.CO2E.PC,Caribbean small states,CSS,5.24691087804698,6.5066921708591,9.18808770882839,8.91500164132058,9.27710944981283,9.1437342207778,8.88637753142472,9.13802548937418,8.88454138458529,..,..,..
CO2 emissions (metric tons per capita),EN.ATM.CO2E.PC,Central Europe and the Baltics,CEB,9.01436206537346,6.60642023383274,7.14869530843957,6.50781500984347,6.82004229978208,6.86434946488299,6.50436699486502,6.3448382618131,6.14888253990517,..,..,..
CO2 emissions (metric tons per capita),EN.ATM.CO2E.PC,Early-demographic dividend,EAR,1.40325601890539,1.71211190477899,2.07957472508863,2.12852237731529,2.11982654072511,2.20137008449608,2.29594268221608,2.21086506287639,2.29530215229644,..,..,..
CO2 emissions (metric tons per capita),EN.ATM.CO2E.PC,East Asia & Pacific,EAS,2.58239558710996,3.19835389811007,5.15511507811229,5.30529611231587,5.70178362267973,6.19002419319881,6.3070918410316,6.33044865268852,6.2935261143181,..,..,..
CO2 emissions (metric tons per capita),EN.ATM.CO2E.PC,East Asia & Pacific (excluding high income),EAP,1.78512156752207,2.31133094574131,4.50265666647891,4.72637784326383,5.1060445087073,5.64163635499887,5.77322448528528,5.79045974876772,5.77547834477085,..,..,..
CO2 emissions (metric tons per capita),EN.ATM.CO2E.PC,East Asia & Pacific (IDA & IBRD countries),TEA,1.78151318930785,2.30216826275951,4.52284960191798,4.74979148692273,5.13658805605719,5.68848786862672,5.82125352176721,5.84531756868058,5.82786717938882,..,..,..
CO2 emissions (metric tons per capita),EN.ATM.CO2E.PC,Euro area,EMU,..,8.20701372531262,7.90520382141959,7.28491754913566,7.42563425737053,7.16126759060156,6.99665343472743,6.84398703049825,6.47492054828707,..,..,..
CO2 emissions (metric tons per capita),EN.ATM.CO2E.PC,Europe & Central Asia,ECS,..,7.60423601052365,7.89088665681403,7.2166323522361,7.54071857173819,7.498987472919,7.47222602427911,7.2885795957167,6.91599123321608,..,..,..
CO2 emissions (metric tons per capita),EN.ATM.CO2E.PC,Europe & Central Asia (excluding high income),ECA,..,6.85921128726374,7.81803197562755,7.08282823508588,7.55313039683656,7.88154283463093,7.99726455035155,7.73216451671866,7.42119026498439,..,..,..
CO2 emissions (metric tons per capita),EN.ATM.CO2E.PC,Europe & Central Asia (IDA & IBRD countries),TEC,..,6.91829156663373,7.82782023865929,7.12111612756252,7.5878555739405,7.8874704148658,7.94992866670734,7.71504058171963,7.39583610532745,..,..,..
CO2 emissions (metric tons per capita),EN.ATM.CO2E.PC,European Union,EUU,8.57895636461407,8.01342598156734,7.802386269772,7.1556477407987,7.35452058564256,7.0793277632003,6.91751060785769,6.75351318858387,6.37914884774526,..,..,..
CO2 emissions (metric tons per capita),EN.ATM.CO2E.PC,Fragile and conflict affected situations,FCS,0.741506441594247,0.765812137498156,0.801348445904965,0.820861629140423,0.842662476927779,0.825987786184085,0.841904674659245,0.880020573721389,0.886959023932481,..,..,..
CO2 emissions (metric tons per capita),EN.ATM.CO2E.PC,Heavily indebted poor countries (HIPC),HPC,0.169466570724482,0.162257813773791,0.203015918741415,0.203269539955969,0.221203409083111,0.23265995240672,0.24060112125875,0.254597359190511,0.2653421500774,..,..,..
CO2 emissions (metric tons per capita),EN.ATM.CO2E.PC,High income,HIC,11.1456758328221,11.934893696511,11.6523960092116,10.9601024819817,11.2690354138405,11.0288962572236,10.8560993757675,10.772427547194,10.710383222052,..,..,..
CO2 emissions (metric tons per capita),EN.ATM.CO2E.PC,IBRD only,IBD,2.59481144120207,2.63676269336575,3.85778884528469,3.91289828102493,4.12149214016755,4.40917959321622,4.52260410312052,4.50087103737408,4.5085604057678,..,..,..
CO2 emissions (metric tons per capita),EN.ATM.CO2E.PC,IDA & IBRD total,IBT,2.18462734259209,2.17835339864724,3.0894665250864,3.11591901927827,3.27111315664734,3.48474729069285,3.56006185212151,3.53539851017315,3.52966061346801,..,..,..
CO2 emissions (metric tons per capita),EN.ATM.CO2E.PC,IDA blend,IDB,0.935139054176255,0.963794691505352,0.988996369393452,0.890379577909769,0.907667614250529,0.939870757407796,0.937521857929491,0.930803298041923,0.880445467307095,..,..,..
CO2 emissions (metric tons per capita),EN.ATM.CO2E.PC,IDA only,IDX,0.257789590411893,0.256610246591887,0.318837215789556,0.315627497082823,0.332242202604524,0.335718672407633,0.325675764984591,0.336241561204255,0.348440392892661,..,..,..
CO2 emissions (metric tons per capita),EN.ATM.CO2E.PC,IDA total,IDA,0.490587432158436,0.494096652000844,0.541702835067619,0.506682531920135,0.523641434131708,0.536908204164322,0.529591478196583,0.534503758162866,0.525891423579314,..,..,..
CO2 emissions (metric tons per capita),EN.ATM.CO2E.PC,Late-demographic dividend,LTE,3.36966613311031,3.40085015502512,5.54624347130446,5.62797509151409,6.07649558033123,6.55319067343975,6.70350044186736,6.77029360348404,6.7447605660502,..,..,..
CO2 emissions (metric tons per capita),EN.ATM.CO2E.PC,Latin America & Caribbean,LCN,2.27530260191544,2.58598037644525,2.88864995669634,2.79273255395327,2.9051362501059,2.93091449144373,3.02585130951526,3.03604009564656,3.06330709887928,..,..,..
CO2 emissions (metric tons per capita),EN.ATM.CO2E.PC,Latin America & Caribbean (excluding high income),LAC,2.12283033633043,2.38076205715488,2.59538615175626,2.5188932196813,2.62230606516868,2.63437172188396,2.74571233879764,2.76372925339785,2.78110175550676,..,..,..
CO2 emissions (metric tons per capita),EN.ATM.CO2E.PC,Latin America & the Caribbean (IDA & IBRD countries),TLA,2.23096369451243,2.56522300490082,2.86206864570452,2.7654845471488,2.86498398864059,2.89457643785641,2.99221717191231,3.00556591197305,3.03280490623507,..,..,..
CO2 emissions (metric tons per capita),EN.ATM.CO2E.PC,Least developed countries: UN classification,LDC,0.150132952056273,0.166976484215508,0.238035626418445,0.251513587966893,0.269364191554851,0.278625092399786,0.278405673931745,0.294525991905485,0.314163046682849,..,..,..
CO2 emissions (metric tons per capita),EN.ATM.CO2E.PC,Low & middle income,LMY,2.10265064658204,2.11523024249475,3.02795629672191,3.06118341343139,3.21413968757863,3.42560308676889,3.50589578172355,3.47911575745584,3.47610954465229,..,..,..
CO2 emissions (metric tons per capita),EN.ATM.CO2E.PC,Low income,LIC,0.440647053727,0.407045869212638,0.401954779795958,0.387771546059028,0.38717169808835,0.352098092173012,0.325237325667031,0.315277065156451,0.320595160632741,..,..,..
CO2 emissions (metric tons per capita),EN.ATM.CO2E.PC,Lower middle income,LMC,0.971687795382652,1.05127379090865,1.30088686583948,1.33498537667614,1.33806101000735,1.44325897906656,1.51113320045321,1.43916344535389,1.4740252050728,..,..,..
CO2 emissions (metric tons per capita),EN.ATM.CO2E.PC,Middle East & North Africa,MEA,3.56939660672804,4.64490111471183,5.60973635239486,5.74460928666134,5.84762916130582,5.79399193361626,6.09927039429668,5.92162695996881,6.1593560493239,..,..,..
CO2 emissions (metric tons per capita),EN.ATM.CO2E.PC,Middle East & North Africa (excluding high income),MNA,2.41708294701826,3.10505976591507,3.73508346795999,3.80716384603325,3.81879595069642,3.82247760715654,3.92638187886624,3.91418836732276,3.92725336447406,..,..,..
CO2 emissions (metric tons per capita),EN.ATM.CO2E.PC,Middle East & North Africa (IDA & IBRD countries),TMN,2.43689123425125,3.13484537995915,3.77065453414848,3.84401237267141,3.85652877378729,3.86025026970509,3.96615966949366,3.95379693856909,3.96754448845233,..,..,..
CO2 emissions (metric tons per capita),EN.ATM.CO2E.PC,Middle income,MIC,2.25277369798701,2.2902340270574,3.33187017930862,3.3753808203523,3.55137707125433,3.79744154526263,3.89607685952787,3.87264781384977,3.87412782007664,..,..,..
CO2 emissions (metric tons per capita),EN.ATM.CO2E.PC,North America,NAC,18.953485719921,19.9000107490898,18.3037857511139,17.0376810722592,17.2704110111977,16.8392130822654,16.1617876754564,16.1523679674426,16.3514179084446,..,..,..
CO2 emissions (metric tons per capita),EN.ATM.CO2E.PC,Not classified,INX,..,..,..,..,..,..,..,..,..,..,..,..
CO2 emissions (metric tons per capita),EN.ATM.CO2E.PC,OECD members,OED,10.5248134116119,11.0427551153096,10.6199967999672,9.90606368770155,10.1471264123124,9.9526763190482,9.74227709062677,9.67017215273378,9.51152224773883,..,..,..
CO2 emissions (metric tons per capita),EN.ATM.CO2E.PC,Other small states,OSS,4.05914328226964,5.02692908133887,6.63255431740572,6.31019859442467,6.56431030820932,6.78463419049344,7.0074034942281,6.68853493042988,7.51931183096083,..,..,..
CO2 emissions (metric tons per capita),EN.ATM.CO2E.PC,Pacific island small states,PSS,1.03043042926538,0.96145485017941,0.954460991983164,0.928147500248302,1.09640864714086,1.0300731731351,1.00421609141557,1.03949444467391,1.06414968632188,..,..,..
CO2 emissions (metric tons per capita),EN.ATM.CO2E.PC,Post-demographic dividend,PST,11.6348771633478,12.0138468546055,11.559942231778,10.774139112498,11.0882004273473,10.832676556418,10.5973516118744,10.5396500549031,10.3542651217136,..,..,..
CO2 emissions (metric tons per capita),EN.ATM.CO2E.PC,Pre-demographic dividend,PRE,0.334551204964556,0.389169393519039,0.441915478947471,0.431235883828591,0.466651105499489,0.504192971307369,0.523535453757297,0.535839629260124,0.536757223017314,..,..,..
CO2 emissions (metric tons per capita),EN.ATM.CO2E.PC,Small states,SST,4.19796343944954,5.08623193926072,6.79458070531769,6.4956127253912,6.76079036479854,6.8894629749282,7.00080512244592,6.80986543886988,7.38402551938208,..,..,..
CO2 emissions (metric tons per capita),EN.ATM.CO2E.PC,South Asia,SAS,0.627198430996972,0.85178014477294,1.13488297563288,1.22959139110457,1.20751909871869,1.27087887376836,1.36231531335648,1.35522146997919,1.46147340459513,..,..,..
CO2 emissions (metric tons per capita),EN.ATM.CO2E.PC,South Asia (IDA & IBRD),TSA,0.627198430996972,0.85178014477294,1.13488297563288,1.22959139110457,1.20751909871869,1.27087887376836,1.36231531335648,1.35522146997919,1.46147340459513,..,..,..
CO2 emissions (metric tons per capita),EN.ATM.CO2E.PC,Sub-Saharan Africa,SSF,0.856793973720371,0.841760859724934,0.908547464677214,0.871235104205692,0.850715336857719,0.840118001157342,0.827960048718339,0.823009489562217,0.840453498292605,..,..,..
CO2 emissions (metric tons per capita),EN.ATM.CO2E.PC,Sub-Saharan Africa (excluding high income),SSA,0.856620723114306,0.841008011733435,0.907807516834174,0.87071097821024,0.850298545290419,0.839824281491879,0.8275661323411,0.822666074430172,0.840028002205044,..,..,..
CO2 emissions (metric tons per capita),EN.ATM.CO2E.PC,Sub-Saharan Africa (IDA & IBRD countries),TSS,0.85679397372037,0.841760859724934,0.908547464677214,0.871235104205691,0.850715336857719,0.840118001157341,0.827960048718339,0.823009489562217,0.840453498292605,..,..,..
CO2 emissions (metric tons per capita),EN.ATM.CO2E.PC,Upper middle income,UMC,3.44517076043093,3.53921523664561,5.5278118732361,5.59905763491732,5.9827055285971,6.4035808857418,6.55561387657223,6.60549036074116,6.58813517477518,..,..,..
CO2 emissions (metric tons per capita),EN.ATM.CO2E.PC,World,WLD,4.18853443335987,4.03319022967413,4.75616035280856,4.65604440536345,4.82806936244497,4.96758098934546,4.99621141959404,4.98773904748779,4.96997394966849,..,..,..
,,,,,,,,,,,,,,,
,,,,,,,,,,,,,,,
,,,,,,,,,,,,,,,
Data from database: World Development Indicators,,,,,,,,,,,,,,,
Last Updated: 10/18/2018,,,,,,,,,,,,,,,
